,Project,Maintainer Name,Company,Github Name,OWNERS/MAINTAINERS
Graduated,Kubernetes steering,Antonio Ojea,Google,aojea,https://git.k8s.io/steering#members
,,Benjamin Elder,Google,BenTheElder,
,,Maciej Szulik,Defense Unicorns,soltysh,
,,Paco Xu 徐俊杰,DaoCloud,pacoxu,
,,Sascha Grunert,Red Hat,saschagrunert,
,,Stephen Augustus,Bloomberg,justaugustus,
Graduated,TiKV,Siddon Tang,PingCAP,siddontang,https://github.com/tikv/tikv/blob/master/MAINTAINERS.md
,,Jay Li,PingCAP,busyjay,
,,Jinpeng Zhang,PingCAP,zhangjinpeng1987,
,,Wink Yao,PingCAP,winkyao,
,,Bob Jones,Derp,example,
,,Xiaoguang Sun,PingCAP,sunxiaoguang,
,,Daobing Li,JD,lidaobing,
,,Fu Chen,Yidianzixun,fredchenbj,
Incubating,OpenTelemetry (Governance Committee),Alolita Sharma,Apple,alolita,https://github.com/open-telemetry/community/blob/master/community-members.md#governance-committee
,,Austin Parker,Honeycomb,austinlparker,
,,Daniel Gomez Blanco,New Relic,danielgblanco,
,,Juraci Paixão Kröhling,OllyGarden,jpkrohling,
,,Morgan James McLean,GitHub,mtwo,
,,Pablo Baeyens Fernandez,Datadog,mx-psi,
,,Severin Neumann,Causely,svrnm,
,,Ted Young,Grafana Labs,tedsuo,
,,Trask Stalnaker,Microsoft,trask,
Sandbox,Network Service Mesh,Ed Warnicke,Cisco,edwarnicke,https://github.com/networkservicemesh/networkservicemesh/blob/master/OWNERS.md
,,Frederick Kautz,Doc.ai,fkautz,
,,Nikolay Nikolaev,VMware,nickolaev,
,,Andrey Sobolev,Xored,haiodo,
Sandbox,Derps,Ed Warnicke,Cisco,edwarnicke,https://github.com/networkservicemesh/networkservicemesh/blob/master/OWNERS.md
,,Frederick Kautz,Doc.ai,fkautz,
,,Nikolay Nikolaev,VMware,nickolaev,
,,Andrey Sobolev,Xored,haiodo,
